"Associated Supply Company, Inc.","3010 South Treadaway Blvd, Abilene TX 79602","325-698-2726 / 888-376-1321",http://www.ascoeq.com/
"Associated Supply Company, Inc.","700 Knickerbocker Road, San Angelo TX 76903","325-655-5666 / 888-376-1321",http://www.ascoeq.com/
"Associated Supply Company, Inc.","1200 Cottonflat Road, Midland TX 79701","432-685-9999 / 888-376-1321",http://www.ascoeq.com/
"Associated Supply Company, Inc.","3412 Kermit Highway, Odessa TX 79764","432-337-2823",http://www.ascoeq.com/
"Associated Supply Company, Inc.","2102 East Slaton Road, Lubbock TX 79404","806-745-2000 / 888-376-1321",http://www.ascoeq.com/
"Associated Supply Company, Inc.","2900 Henry S Grace Freeway, Wichita Falls TX 76302","940-687-2726",http://ascoeq.com/
"Associated Supply Company, Inc.","4146 IH-10 East, San Antonio TX 782219","210-333-8000",http://www.ascoeq.com/
"Associated Supply Company, Inc.","202 Interstate 35 Frontage Rd, Belton, TX 76513","(254) 613-1500",http://www.ascoeq.com/
"Elite Material Handling","900 Port America Place, Grapevine TX 76051","817-595-5995",http://www.elitemh.com/
"Associated Supply Company, Inc.","12805 Hwy 290 East Manor, TX 78653","(512) 272-8922",http://www.ascoeq.com/
"Associated Supply Company, Inc.","1920 S East Loop 410 San Antonio, TX 78220","210-333-8000",http://www.ascoeq.com/
"Associated Supply Company, Inc.","1875 N. Earl Rudder Fwy Bryan, TX 77803","(979) 779-8942",http://www.ascoeq.com/
"Associated Supply Company, Inc.","2800 Highway 290 W Brenham, TX 77833","979-836-6641",http://www.ascoeq.com/
"Associated Supply Company, Inc.","7576 I-40 East, Amarillo TX 79118","806-372-8386 / 888-376-1321",http://www.ascoeq.com/
"Associated Supply Company, Inc.","108 South Maple St Clovis NM 88101","575-742-2726",http://www.ascoeq.com/