"Morrison Industrial Equipment, Co","1825 Monroe NW, Grand Rapids MI 49505","616-447-3800 / 800-968-5004",http://www.morrison-ind.com/
"Morrison Industrial Equipment, Co","3303 Windquest Drive, Holland MI 49424","616-786-9800 / 800-968-5004",http://www.morrison-ind.com/
"Morrison Industrial Equipment, Co","1329 Callaghan Street, Greenville MI 48838","616-754-9153 / 800-968-5004",http://www.morrison-ind.com/
"Morrison Industrial Equipment, Co","841 East Barney, Muskegon MI 49444","231-733-1245 / 800-968-5004",http://www.morrison-ind.com/
"Morrison Industrial Equipment, Co","3510 Miller Road, Kalamazoo MI 49001","269-381-7490 / 800-968-5004",http://www.morrison-ind.com/
"Morrison Industrial Equipment, Co","381 Helmer Rd N Battle Creek MI 49037","269-266-8346",http://www.morrison-ind.com/
"Morrison Industrial Equipment, Co","575 Jewett Road, Mason MI 48854","517-676-9000 / 800-968-5004",http://www.morrison-ind.com/
"Morrison Industrial Equipment, Co","2988 Paul Drive, Elkhart IN 46514","574-264-3699 / 800-968-5004",http://www.morrison-ind.com/
"Morrison Industrial Equipment, Co","2505 North Foundation Drive, South Bend IN 46628","574-287-4290 / 800-968-5004",http://www.morrison-ind.com/
"Morrison Industrial Equipment, Co","808 N Outer Dr Saginaw, MI 48601","989-751-8656",http://www.morrison-ind.com/
"Morrison Industrial Equipment, Co","1183 South Old US Highway 23 Brighton, Mi 48114","810-227-6311",http://www.morrison-ind.com/
"Wisconsin Lift Truck Corporation","3125 Intertech Drive, Brookfield WI 53045","262-781-8010",http://www.wisconsinlift.com/
"Morrison Industrial Equipment, Co","2749 Aero Park Drive, Traverse City MI 49684","231-947-0780 / 800-968-5004",http://www.morrison-ind.com/
"Wisconsin Lift Truck Corporation","1944 S. 23RD STREET, Manitiwoc, WI 54220","920-682-6159",""
"Forklifts of Toledo","140 Byrne Road, Toledo OH 43607","419-531-6110",https://forkliftsoftoledo.com/